{"cameraMode":{"drawMode":0,"name":"Shaded","section":"Shading Mode"},"sceneLighting":true,"audioPlay":false,"sceneViewState":{"showFog":true,"showMaterialUpdate":false,"showSkybox":true,"showFlares":true,"showImageEffects":true,"showParticleSystems":true},"in2DMode":false,"pivot":{"x":8.42243766784668,"y":-1.1008591651916505,"z":-11.132908821105957},"rotation":{"x":-0.2249840646982193,"y":-0.4196280539035797,"z":0.10818109661340714,"w":-0.8726965188980103},"size":38.40501022338867,"orthographic":false}