{"cameraMode":{"drawMode":0,"name":"Shaded","section":"Shading Mode"},"sceneLighting":true,"audioPlay":false,"sceneViewState":{"showFog":true,"showMaterialUpdate":false,"showSkybox":true,"showFlares":true,"showImageEffects":true,"showParticleSystems":true},"in2DMode":false,"pivot":{"x":1.2000007629394532,"y":6.644289016723633,"z":50.22630310058594},"rotation":{"x":0.3802991211414337,"y":-0.017672846093773843,"z":0.008460971526801587,"w":0.9252033233642578},"size":176.14199829101563,"orthographic":false}