{"cameraMode":{"drawMode":0,"name":"Shaded","section":"Shading Mode"},"sceneLighting":false,"audioPlay":false,"sceneViewState":{"showFog":true,"showMaterialUpdate":false,"showSkybox":false,"showFlares":true,"showImageEffects":true,"showParticleSystems":true},"in2DMode":false,"pivot":{"x":-21.56802749633789,"y":34.1915283203125,"z":-71.33697509765625},"rotation":{"x":-0.0854049026966095,"y":0.005377436056733131,"z":-0.0004610723117366433,"w":-0.9963459372520447},"size":99.75436401367188,"orthographic":false}