{"cameraMode":{"drawMode":0,"name":"Shaded","section":"Shading Mode"},"sceneLighting":false,"audioPlay":false,"sceneViewState":{"showFog":true,"showMaterialUpdate":false,"showSkybox":false,"showFlares":true,"showImageEffects":true,"showParticleSystems":true},"in2DMode":false,"pivot":{"x":-0.4944080710411072,"y":-0.5228997468948364,"z":0.0698888823390007},"rotation":{"x":-0.025401003658771516,"y":-0.9745140075683594,"z":0.15058299899101258,"w":-0.16436687111854554},"size":1.7668066024780274,"orthographic":false}