{"cameraMode":{"drawMode":0,"name":"Shaded","section":"Shading Mode"},"sceneLighting":false,"audioPlay":false,"sceneViewState":{"showFog":true,"showMaterialUpdate":false,"showSkybox":false,"showFlares":true,"showImageEffects":true,"showParticleSystems":true},"in2DMode":false,"pivot":{"x":-0.4631420075893402,"y":-10.2831449508667,"z":38.577640533447269},"rotation":{"x":-0.010924176312983036,"y":0.7286915183067322,"z":0.03299183398485184,"w":0.6848980188369751},"size":22.70516586303711,"orthographic":false}