{"cameraMode":{"drawMode":0,"name":"Shaded","section":"Shading Mode"},"sceneLighting":false,"audioPlay":false,"sceneViewState":{"showFog":true,"showMaterialUpdate":false,"showSkybox":false,"showFlares":true,"showImageEffects":true,"showParticleSystems":true},"in2DMode":false,"pivot":{"x":0.674774169921875,"y":-4.340000152587891,"z":17.200000762939454},"rotation":{"x":-0.012597236782312394,"y":0.8051391839981079,"z":0.04886166751384735,"w":0.592150092124939},"size":5.858813762664795,"orthographic":false}