{"cameraMode":{"drawMode":0,"name":"Shaded","section":"Shading Mode"},"sceneLighting":false,"audioPlay":false,"sceneViewState":{"showFog":true,"showMaterialUpdate":false,"showSkybox":false,"showFlares":true,"showImageEffects":true,"showParticleSystems":true},"in2DMode":false,"pivot":{"x":-128.06695556640626,"y":-47.07624053955078,"z":111.5968246459961},"rotation":{"x":-0.06669437140226364,"y":0.42655929923057558,"z":-0.035733070224523547,"w":-0.9017859101295471},"size":3.026930809020996,"orthographic":false}