{"cameraMode":{"drawMode":0,"name":"Shaded","section":"Shading Mode"},"sceneLighting":false,"audioPlay":false,"sceneViewState":{"showFog":true,"showMaterialUpdate":false,"showSkybox":false,"showFlares":true,"showImageEffects":true,"showParticleSystems":true},"in2DMode":false,"pivot":{"x":-220.1297607421875,"y":228.995849609375,"z":-183.15890502929688},"rotation":{"x":0.21776457130908967,"y":0.647503137588501,"z":-0.1785936951637268,"w":0.7090352177619934},"size":19.60809326171875,"orthographic":false}