{"cameraMode":{"drawMode":0,"name":"Shaded","section":"Shading Mode"},"sceneLighting":false,"audioPlay":false,"sceneViewState":{"showFog":true,"showMaterialUpdate":false,"showSkybox":false,"showFlares":true,"showImageEffects":true,"showParticleSystems":true},"in2DMode":false,"pivot":{"x":-222.518310546875,"y":238.74827575683595,"z":-176.19737243652345},"rotation":{"x":0.06820552796125412,"y":0.6719526648521423,"z":-0.046227313578128818,"w":0.7368413209915161},"size":2.1236236095428469,"orthographic":false}