{"cameraMode":{"drawMode":0,"name":"Shaded","section":"Shading Mode"},"sceneLighting":false,"audioPlay":false,"sceneViewState":{"showFog":true,"showMaterialUpdate":false,"showSkybox":false,"showFlares":true,"showImageEffects":true,"showParticleSystems":true},"in2DMode":false,"pivot":{"x":-231.56422424316407,"y":239.62039184570313,"z":-152.70477294921876},"rotation":{"x":-0.06836668401956558,"y":-0.868585467338562,"z":0.12284232676029206,"w":-0.47577255964279177},"size":23.663158416748048,"orthographic":false}