{"cameraMode":{"drawMode":0,"name":"Shaded","section":"Shading Mode"},"sceneLighting":false,"audioPlay":false,"sceneViewState":{"showFog":true,"showMaterialUpdate":false,"showSkybox":false,"showFlares":true,"showImageEffects":true,"showParticleSystems":true},"in2DMode":false,"pivot":{"x":-213.80429077148438,"y":233.14454650878907,"z":-171.6962890625},"rotation":{"x":0.11350642144680023,"y":0.7156835198402405,"z":-0.10203259438276291,"w":0.6824518442153931},"size":10.145523071289063,"orthographic":false}