{"cameraMode":{"drawMode":0,"name":"Shaded","section":"Shading Mode"},"sceneLighting":false,"audioPlay":false,"sceneViewState":{"showFog":true,"showMaterialUpdate":false,"showSkybox":false,"showFlares":true,"showImageEffects":true,"showParticleSystems":true},"in2DMode":false,"pivot":{"x":-233.7399139404297,"y":239.23406982421876,"z":-162.6245880126953},"rotation":{"x":0.040264517068862918,"y":0.6966071724891663,"z":-0.018805747851729394,"w":0.7169811129570007},"size":10.080604553222657,"orthographic":false}