{"cameraMode":{"drawMode":0,"name":"Shaded","section":"Shading Mode"},"sceneLighting":false,"audioPlay":false,"sceneViewState":{"showFog":true,"showMaterialUpdate":false,"showSkybox":false,"showFlares":true,"showImageEffects":true,"showParticleSystems":true},"in2DMode":false,"pivot":{"x":-0.41548433899879458,"y":7.8846211433410648,"z":-0.6649124622344971},"rotation":{"x":0.15970617532730103,"y":0.049668919295072559,"z":-0.007090331986546516,"w":0.9861394166946411},"size":18.518421173095704,"orthographic":false}