{"cameraMode":{"drawMode":0,"name":"Shaded","section":"Shading Mode"},"sceneLighting":false,"audioPlay":false,"sceneViewState":{"showFog":true,"showMaterialUpdate":false,"showSkybox":false,"showFlares":true,"showImageEffects":true,"showParticleSystems":true},"in2DMode":false,"pivot":{"x":-250.16168212890626,"y":228.36399841308595,"z":-164.72486877441407},"rotation":{"x":-0.1473151296377182,"y":0.6620269417762756,"z":-0.1370241791009903,"w":-0.7223594784736633},"size":24.53961753845215,"orthographic":false}