{"cameraMode":{"drawMode":0,"name":"Shaded","section":"Shading Mode"},"sceneLighting":false,"audioPlay":false,"sceneViewState":{"showFog":true,"showMaterialUpdate":false,"showSkybox":false,"showFlares":true,"showImageEffects":true,"showParticleSystems":true},"in2DMode":false,"pivot":{"x":2.7488596439361574,"y":3.2619590759277345,"z":49.95281982421875},"rotation":{"x":0.08286137878894806,"y":0.02419445477426052,"z":0.0037546802777796985,"w":0.9966931939125061},"size":35.62803649902344,"orthographic":false}