{"cameraMode":{"drawMode":0,"name":"Shaded","section":"Shading Mode"},"sceneLighting":false,"audioPlay":false,"sceneViewState":{"showFog":true,"showMaterialUpdate":false,"showSkybox":false,"showFlares":true,"showImageEffects":true,"showParticleSystems":true},"in2DMode":false,"pivot":{"x":-218.3324737548828,"y":235.35177612304688,"z":-167.5697021484375},"rotation":{"x":0.16146448254585267,"y":0.6082055568695068,"z":-0.11260126531124115,"w":0.7697835564613342},"size":15.150298118591309,"orthographic":false}