{"cameraMode":{"drawMode":0,"name":"Shaded","section":"Shading Mode"},"sceneLighting":false,"audioPlay":false,"sceneViewState":{"showFog":true,"showMaterialUpdate":false,"showSkybox":false,"showFlares":true,"showImageEffects":true,"showParticleSystems":true},"in2DMode":false,"pivot":{"x":-1.5627703666687012,"y":4.207228660583496,"z":49.321868896484378},"rotation":{"x":-0.22061686217784882,"y":0.044316183775663379,"z":-0.016852257773280145,"w":-0.9746819734573364},"size":61.03367614746094,"orthographic":false}