{"cameraMode":{"drawMode":0,"name":"Shaded","section":"Shading Mode"},"sceneLighting":false,"audioPlay":false,"sceneViewState":{"showFog":true,"showMaterialUpdate":false,"showSkybox":false,"showFlares":true,"showImageEffects":true,"showParticleSystems":true},"in2DMode":false,"pivot":{"x":2.232722759246826,"y":0.07942183315753937,"z":-0.02091056853532791},"rotation":{"x":-0.012508613988757134,"y":-0.11882580071687699,"z":0.0015980603639036418,"w":-0.9928764700889587},"size":3.47489595413208,"orthographic":false}