{"cameraMode":{"drawMode":0,"name":"Shaded","section":"Shading Mode"},"sceneLighting":false,"audioPlay":false,"sceneViewState":{"showFog":true,"showMaterialUpdate":false,"showSkybox":false,"showFlares":true,"showImageEffects":true,"showParticleSystems":true},"in2DMode":false,"pivot":{"x":1.7828775644302369,"y":-30.5211181640625,"z":26.937162399291993},"rotation":{"x":0.21199345588684083,"y":-0.017669158056378366,"z":0.004600753076374531,"w":0.9773534536361694},"size":58.81189727783203,"orthographic":false}