{"cameraMode":{"drawMode":0,"name":"Shaded","section":"Shading Mode"},"sceneLighting":false,"audioPlay":false,"sceneViewState":{"showFog":true,"showMaterialUpdate":false,"showSkybox":false,"showFlares":true,"showImageEffects":true,"showParticleSystems":true},"in2DMode":false,"pivot":{"x":0.9192909002304077,"y":9.257936477661133,"z":-35.80373764038086},"rotation":{"x":-0.20073050260543824,"y":-0.027361467480659486,"z":-0.0011900633107870818,"w":-0.9797372817993164},"size":29.735973358154298,"orthographic":false}