{"cameraMode":{"drawMode":0,"name":"Shaded","section":"Shading Mode"},"sceneLighting":false,"audioPlay":false,"sceneViewState":{"showFog":true,"showMaterialUpdate":false,"showSkybox":false,"showFlares":true,"showImageEffects":true,"showParticleSystems":true},"in2DMode":false,"pivot":{"x":6.37780237197876,"y":-13.48721694946289,"z":81.25495910644531},"rotation":{"x":0.12681782245635987,"y":-0.030204998329281808,"z":0.004633598029613495,"w":0.9917176961898804},"size":87.04730987548828,"orthographic":false}