{"cameraMode":{"drawMode":0,"name":"Shaded","section":"Shading Mode"},"sceneLighting":false,"audioPlay":false,"sceneViewState":{"showFog":true,"showMaterialUpdate":false,"showSkybox":false,"showFlares":true,"showImageEffects":true,"showParticleSystems":true},"in2DMode":false,"pivot":{"x":12.851476669311524,"y":13.976231575012207,"z":-38.04906463623047},"rotation":{"x":0.008465791121125222,"y":0.665345311164856,"z":0.016780225560069085,"w":0.7472521662712097},"size":8.967227935791016,"orthographic":false}