{"cameraMode":{"drawMode":0,"name":"Shaded","section":"Shading Mode"},"sceneLighting":false,"audioPlay":false,"sceneViewState":{"showFog":true,"showMaterialUpdate":false,"showSkybox":false,"showFlares":true,"showImageEffects":true,"showParticleSystems":true},"in2DMode":false,"pivot":{"x":-230.8038787841797,"y":239.23117065429688,"z":-175.39178466796876},"rotation":{"x":0.0826071947813034,"y":0.6867474913597107,"z":-0.05877181887626648,"w":0.7206854224205017},"size":14.233977317810059,"orthographic":false}