{"cameraMode":{"drawMode":0,"name":"Shaded","section":"Shading Mode"},"sceneLighting":false,"audioPlay":false,"sceneViewState":{"showFog":true,"showMaterialUpdate":false,"showSkybox":false,"showFlares":true,"showImageEffects":true,"showParticleSystems":true},"in2DMode":false,"pivot":{"x":-10.534782409667969,"y":4.229456901550293,"z":-46.52189636230469},"rotation":{"x":0.19255419075489045,"y":-0.027215436100959779,"z":0.005866043735295534,"w":0.9811212420463562},"size":1.3405060768127442,"orthographic":false}