{"cameraMode":{"drawMode":0,"name":"Shaded","section":"Shading Mode"},"sceneLighting":false,"audioPlay":false,"sceneViewState":{"showFog":true,"showMaterialUpdate":false,"showSkybox":false,"showFlares":true,"showImageEffects":true,"showParticleSystems":true},"in2DMode":false,"pivot":{"x":-8.263019561767579,"y":-2.916891098022461,"z":37.38030242919922},"rotation":{"x":0.07381977140903473,"y":0.759647011756897,"z":-0.0650610625743866,"w":0.6438556909561157},"size":29.308326721191408,"orthographic":false}