{"cameraMode":{"drawMode":0,"name":"Shaded","section":"Shading Mode"},"sceneLighting":false,"audioPlay":false,"sceneViewState":{"showFog":true,"showMaterialUpdate":false,"showSkybox":false,"showFlares":true,"showImageEffects":true,"showParticleSystems":true},"in2DMode":false,"pivot":{"x":13.18385124206543,"y":9.3885498046875,"z":-54.14363479614258},"rotation":{"x":0.04533713683485985,"y":0.7235099077224731,"z":-0.020554522052407266,"w":0.689565896987915},"size":5.70783805847168,"orthographic":false}