{"cameraMode":{"drawMode":0,"name":"Shaded","section":"Shading Mode"},"sceneLighting":false,"audioPlay":false,"sceneViewState":{"showFog":true,"showMaterialUpdate":false,"showSkybox":false,"showFlares":true,"showImageEffects":true,"showParticleSystems":true},"in2DMode":false,"pivot":{"x":2.0542287826538088,"y":-29.40981674194336,"z":1.5385029315948487},"rotation":{"x":0.40200310945510867,"y":-0.06029437854886055,"z":0.027359962463378907,"w":0.9135106205940247},"size":62.54954528808594,"orthographic":false}