{"cameraMode":{"drawMode":0,"name":"Shaded","section":"Shading Mode"},"sceneLighting":false,"audioPlay":false,"sceneViewState":{"showFog":true,"showMaterialUpdate":false,"showSkybox":false,"showFlares":true,"showImageEffects":true,"showParticleSystems":true},"in2DMode":false,"pivot":{"x":-4.092601776123047,"y":-16.134531021118165,"z":0.6598537564277649},"rotation":{"x":0.3047502636909485,"y":0.011433292180299759,"z":-0.0028665917925536634,"w":0.952618420124054},"size":54.16854476928711,"orthographic":false}