{"cameraMode":{"drawMode":0,"name":"Shaded","section":"Shading Mode"},"sceneLighting":false,"audioPlay":false,"sceneViewState":{"showFog":true,"showMaterialUpdate":false,"showSkybox":false,"showFlares":true,"showImageEffects":true,"showParticleSystems":true},"in2DMode":false,"pivot":{"x":-225.24990844726563,"y":248.6084747314453,"z":-184.42050170898438},"rotation":{"x":-0.09997710585594177,"y":-0.6405577659606934,"z":0.08337358385324478,"w":-0.7571628093719482},"size":8.113368034362793,"orthographic":false}