{"cameraMode":{"drawMode":0,"name":"Shaded","section":"Shading Mode"},"sceneLighting":false,"audioPlay":false,"sceneViewState":{"showFog":true,"showMaterialUpdate":false,"showSkybox":false,"showFlares":true,"showImageEffects":true,"showParticleSystems":true},"in2DMode":false,"pivot":{"x":-223.58245849609376,"y":251.53382873535157,"z":-178.0007781982422},"rotation":{"x":-0.06708134710788727,"y":-0.6714732646942139,"z":0.0598784014582634,"w":-0.7359322309494019},"size":7.21018123626709,"orthographic":false}